Assembly_barcode	HC10	HC20
ESC_CA3854AA_AS	17493	17493
ESC_TB5803AA_AS	152656	152656
ESC_AA9624AA_AS	12612	12612
ESC_BA2349AA_AS	11972	11972
ESC_CA6621AA_AS	11725	11725
ESC_CA4072AA_AS	11505	11505
ESC_BA5078AA_AS	11504	11504
ESC_CA1214AA_AS	11208	11208
ESC_AA8584AA_AS	11201	11201
ESC_CA1597AA_AS	10922	10922
ESC_BA1564AA_AS	10603	10603
ESC_BA1845AA_AS	10375	10375
ESC_AA9102AA_AS	10084	10084
ESC_AA8555AA_AS	9591	9591
ESC_CA3988AA_AS	7355	7355
ESC_CA5740AA_AS	6547	6547
ESC_BA4333AA_AS	6543	6543
ESC_FA9662AA_AS	4101	4101
ESC_FA9692AA_AS	4078	4078
ESC_GA0061AA_AS	3796	3796
ESC_GA0305AA_AS	3576	3576
ESC_GA5759AA_AS	968	968
ESC_GA5758AA_AS	968	968
ESC_GA5757AA_AS	968	968
ESC_GA5756AA_AS	968	968
ESC_GA5755AA_AS	968	968
ESC_GA6911AA_AS	17720	17720
ESC_GA8888AA_AS	21404	21404
ESC_LB2516AA_AS	27108	27108
ESC_HA7187AA_AS	27096	27096
ESC_HA7184AA_AS	27094	27094
ESC_HA6306AA_AS	26367	26367
ESC_VA2268AA_AS	25884	25884
ESC_VA2263AA_AS	25884	25884
ESC_HA5571AA_AS	25849	25849
ESC_HA5534AA_AS	25808	25808
ESC_HA5210AA_AS	25523	25523
ESC_HA5191AA_AS	25504	25504
ESC_HA5187AA_AS	25501	25501
ESC_HA4131AA_AS	24726	24726
ESC_HA3790AA_AS	24504	24504
ESC_HA3782AA_AS	24504	24504
ESC_HA3719AA_AS	24445	24445
ESC_HA2215AA_AS	23604	23604
ESC_HA1966AA_AS	23426	23426
ESC_HA1964AA_AS	23426	23426
ESC_HA1888AA_AS	23367	23367
ESC_HA3081AA_AS	23749	23749
ESC_HA7064AA_AS	27003	27003
ESC_VA2364AA_AS	28989	28989
ESC_VA2362AA_AS	28988	28988
ESC_VA2359AA_AS	28988	28988
ESC_VA2366AA_AS	28993	23749
ESC_IA0226AA_AS	29425	29425
ESC_IA0211AA_AS	29431	29431
ESC_HA9720AA_AS	29257	29257
ESC_UA5515AA_AS	29090	4078
ESC_UA5523AA_AS	29148	29148
ESC_HA9650AA_AS	29107	29107
ESC_HA9600AA_AS	29072	29072
ESC_HA9547AA_AS	29042	4078
ESC_HA9546AA_AS	29042	4078
ESC_IA7977AA_AS	31111	31111
ESC_IA7980AA_AS	31116	31116
ESC_IA7994AA_AS	31111	31111
ESC_IA3291AA_AS	31300	31300
ESC_IA6359AA_AS	32459	12612
ESC_IA7512AA_AS	32810	32810
ESC_IA8066AA_AS	32987	32987
ESC_JA0577AA_AS	34256	33472
ESC_JA0572AA_AS	34183	34183
ESC_JA0213AA_AS	33344	11201
ESC_JA0067AA_AS	33965	33965
ESC_IA9974AA_AS	33902	33902
ESC_JA0437AA_AS	37224	37224
ESC_IA9760AA_AS	33831	33831
ESC_IA9725AA_AS	33745	29072
ESC_JA0128AA_AS	33745	29072
ESC_IA9720AA_AS	33745	29072
ESC_IA9132AA_AS	33472	33472
ESC_IA9006AA_AS	33344	11201
ESC_IA9005AA_AS	33344	11201
ESC_JA0333AA_AS	34507	33902
ESC_JA5254AA_AS	35891	35891
ESC_KA1988AA_AS	21404	21404
ESC_KA4855AA_AS	31300	31300
ESC_KA7801AA_AS	38376	38376
ESC_KA7852AA_AS	38333	38333
ESC_VA2241AA_AS	79232	25501
ESC_KA9872AA_AS	38962	38957
ESC_KA9869AA_AS	38957	38957
ESC_KA9868AA_AS	38957	38957
ESC_KA9867AA_AS	38958	38957
ESC_KA9866AA_AS	38962	38957
ESC_VA1994AA_AS	38962	38957
ESC_KA9864AA_AS	38963	38963
ESC_KA9863AA_AS	38958	38957
ESC_MA2761AA_AS	42917	23367
ESC_MA0225AA_AS	42448	42448
ESC_LB2505AA_AS	80773	80773
ESC_MA4033AA_AS	43605	43605
ESC_MA3740AA_AS	43357	43357
ESC_MA3696AA_AS	43446	43446
ESC_MA3669AA_AS	43443	23367
ESC_MA9965AA_AS	44268	44268
ESC_MA9873AA_AS	44213	44213
ESC_NA2889AA_AS	44707	44707
ESC_NA2671AA_AS	44435	44435
ESC_NA8206AA_AS	46353	46353
ESC_NA8042AA_AS	46195	46195
ESC_NA7996AA_AS	46210	12612
ESC_NA7903AA_AS	46059	46059
ESC_NA7902AA_AS	46053	27003
ESC_NA7876AA_AS	46081	46081
ESC_NA8586AA_AS	46577	38963
ESC_OA0345AA_AS	47713	47713
ESC_OA0775AA_AS	47751	47751
ESC_OA1122AA_AS	47848	47848
ESC_UA5739AA_AS	71168	71168
ESC_OA1107AA_AS	47836	31111
ESC_UA5740AA_AS	71173	71173
ESC_OA1716AA_AS	48325	28989
ESC_VA2299AA_AS	49031	49031
ESC_BB9302AA_AS	50019	50019
ESC_PA7886AA_AS	52189	52189
ESC_QA4711AA_AS	56088	56088
ESC_QA4710AA_AS	56088	56088
ESC_QA5174AA_AS	56361	56361
ESC_QA9946AA_AS	57144	57144
ESC_RA0245AA_AS	57444	57444
ESC_YA3923AA_AS	57581	57581
ESC_RA0499AA_AS	57630	57630
ESC_RA0579AA_AS	57707	57707
ESC_RA0591AA_AS	57717	57444
ESC_RA0594AA_AS	57144	57144
ESC_RA0607AA_AS	57731	57731
ESC_RA0684AA_AS	57802	57802
ESC_RA0683AA_AS	57827	57827
ESC_RA0682AA_AS	57827	57827
ESC_RA0681AA_AS	57802	57802
ESC_RA0680AA_AS	57802	57802
ESC_RA0672AA_AS	57802	57802
ESC_RA0671AA_AS	57803	57803
ESC_RA0669AA_AS	57802	57802
ESC_RA1911AA_AS	58372	58372
ESC_RA3174AA_AS	59518	59518
ESC_RA3173AA_AS	59518	59518
ESC_RA3171AA_AS	59518	59518
ESC_RA3068AA_AS	57803	57803
ESC_RA3270AA_AS	59651	59651
ESC_RA3269AA_AS	59651	59651
ESC_RA3268AA_AS	59651	59651
ESC_RA3267AA_AS	59651	59651
ESC_RA3266AA_AS	59651	59651
ESC_RA3265AA_AS	59651	59651
ESC_VA2236AA_AS	59676	59676
ESC_RA4507AA_AS	60561	60561
ESC_RA4811AA_AS	60789	4078
ESC_RA6424AA_AS	61192	47751
ESC_RA6760AA_AS	61582	61582
ESC_RA8207AA_AS	50019	50019
ESC_RA8201AA_AS	62065	62065
ESC_RA8378AA_AS	62144	62144
ESC_RA8822AA_AS	62389	38963
ESC_RA8820AA_AS	62390	62390
ESC_VA2041AA_AS	62353	62353
ESC_RA9124AA_AS	61582	61582
ESC_RA9377AA_AS	62781	62781
ESC_RA9508AA_AS	62599	62599
ESC_SA2555AA_AS	64762	64736
ESC_SA2354AA_AS	64736	64736
ESC_SA5406AA_AS	67619	67619
ESC_SA6255AA_AS	66079	66079
ESC_SA6256AA_AS	66079	66079
ESC_SA6258AA_AS	66079	66079
ESC_SA6354AA_AS	66079	66079
ESC_SA6355AA_AS	66079	66079
ESC_SA6358AA_AS	66079	66079
ESC_SA6359AA_AS	66079	66079
ESC_SA6363AA_AS	66079	66079
ESC_SA6385AA_AS	66079	66079
ESC_SA6450AA_AS	66079	66079
ESC_SA6452AA_AS	66079	66079
ESC_SA9339AA_AS	69942	69942
ESC_TA0434AA_AS	66079	66079
ESC_UA6180AA_AS	71026	71026
ESC_UA6148AA_AS	71040	64736
ESC_UA6147AA_AS	71040	64736
ESC_UA6369AA_AS	71040	64736
ESC_UA6678AA_AS	71026	71026
ESC_UA5992AA_AS	70944	47751
ESC_TA1493AA_AS	69176	28989
ESC_TA2111AA_AS	71750	64736
ESC_TA2109AA_AS	71767	71767
ESC_TA2108AA_AS	71752	71752
ESC_TA2105AA_AS	71752	71752
ESC_TA2394AA_AS	71922	71922
ESC_TA2377AA_AS	71909	71909
ESC_TA2214AA_AS	71802	71802
ESC_TA2200AA_AS	71796	29431
ESC_TA2862AA_AS	69543	69543
ESC_TA2933AA_AS	69596	69596
ESC_TA4196AA_AS	72356	72356
ESC_TA6862AA_AS	72956	64736
ESC_TA7111AA_AS	72835	72835
ESC_TA8331AA_AS	72956	64736
ESC_TA8360AA_AS	72956	64736
ESC_TA8345AA_AS	72956	64736
ESC_TA8342AA_AS	72956	64736
ESC_TA8341AA_AS	72956	64736
ESC_UA0266AA_AS	74381	74381
ESC_UA1272AA_AS	74984	38963
ESC_YA6788AA_AS	93020	93020
ESC_YA6790AA_AS	93020	93020
ESC_UA3516AA_AS	76327	76327
ESC_UA5387AA_AS	77438	77438
ESC_UA6991AA_AS	78257	71168
ESC_VA2013AA_AS	79441	79441
ESC_VA2056AA_AS	79418	79418
ESC_VA2223AA_AS	79254	79254
ESC_VA2267AA_AS	27003	27003
ESC_VA2270AA_AS	27003	27003
ESC_VA2325AA_AS	79152	79152
ESC_VA2798AA_AS	79781	79781
ESC_VA2781AA_AS	79797	79797
ESC_VA2989AA_AS	79537	79537
ESC_VA3326AA_AS	79965	79965
ESC_VA6203AA_AS	81820	81820
ESC_VA9460AA_AS	84262	17493
ESC_WA5790AA_AS	87908	87908
ESC_WA5588AA_AS	87670	17493
ESC_WA5581AA_AS	87674	87674
ESC_WA5573AA_AS	87821	87821
ESC_WA5570AA_AS	87924	87924
ESC_XA6495AA_AS	90937	90937
ESC_XA6456AA_AS	90926	64736
ESC_WA3725AA_AS	85723	64736
ESC_WA3366AA_AS	85525	85525
ESC_WA2582AA_AS	84800	84800
ESC_WA2563AA_AS	31111	31111
ESC_WA2531AA_AS	84775	84775
ESC_WA8506AA_AS	47751	47751
ESC_WA8504AA_AS	47751	47751
ESC_WA8458AA_AS	88700	33472
ESC_WA8399AA_AS	88610	88610
ESC_WA8354AA_AS	88623	88623
ESC_XA0523AA_AS	71752	71752
ESC_XA0590AA_AS	89984	89984
ESC_XA0581AA_AS	89984	89984
ESC_XA0574AA_AS	89986	89986
ESC_XA2011AA_AS	90624	90624
ESC_XA1997AA_AS	90606	90606
ESC_XA1980AA_AS	90579	17493
ESC_XA4769AA_AS	4101	4101
ESC_CB0740AA_AS	100059	100059
ESC_LB2371AA_AS	72956	64736
ESC_YA1719AA_AS	92402	92402
ESC_YA1559AA_AS	92269	23749
ESC_YA2935AA_AS	92081	92081
ESC_YA5967AA_AS	92970	92970
ESC_YA6321AA_AS	93281	93281
ESC_YA6826AA_AS	93020	93020
ESC_ZA0994AA_AS	93959	93959
ESC_ZA1013AA_AS	93965	93965
ESC_ZA1111AA_AS	94042	44435
ESC_ZA1138AA_AS	94086	94086
ESC_ZA2640AA_AS	95125	4101
ESC_ZA2802AA_AS	95226	95226
ESC_ZA4075AA_AS	95870	95870
ESC_ZA4145AA_AS	95931	95931
ESC_ZA6579AA_AS	31116	31116
ESC_ZA6572AA_AS	31111	31111
ESC_ZA6546AA_AS	31111	31111
ESC_ZA6395AA_AS	97915	97915
ESC_ZA6378AA_AS	97892	97892
ESC_AB1619AA_AS	96744	96744
ESC_BB0595AA_AS	100314	43446
ESC_BB0592AA_AS	72956	64736
ESC_BB2706AA_AS	100710	100710
ESC_CB1966AA_AS	100187	100187
ESC_CB1968AA_AS	100179	100179
ESC_CB2019AA_AS	100232	100187
ESC_CB2413AA_AS	92970	92970
ESC_CB3315AA_AS	72956	64736
ESC_CB3314AA_AS	72956	64736
ESC_CB3313AA_AS	72956	64736
ESC_CB3312AA_AS	72956	64736
ESC_CB3311AA_AS	72956	64736
ESC_CB3310AA_AS	72956	64736
ESC_CB3309AA_AS	72956	64736
ESC_CB3308AA_AS	72956	64736
ESC_CB3305AA_AS	72956	64736
ESC_CB3304AA_AS	72956	64736
ESC_CB3303AA_AS	72956	64736
ESC_CB3302AA_AS	72956	64736
ESC_CB3301AA_AS	72956	64736
ESC_CB3298AA_AS	72956	64736
ESC_CB3343AA_AS	101898	101898
ESC_CB4112AA_AS	102526	102526
ESC_CB4064AA_AS	102419	102419
ESC_CB4063AA_AS	102429	43446
ESC_CB4061AA_AS	102351	102344
ESC_CB3988AA_AS	102348	102344
ESC_CB3980AA_AS	102419	102419
ESC_CB3979AA_AS	102419	102419
ESC_CB3965AA_AS	102429	43446
ESC_CB3947AA_AS	102389	102344
ESC_CB3936AA_AS	102344	102344
ESC_CB3916AA_AS	102348	102344
ESC_CB3911AA_AS	102348	102344
ESC_CB3908AA_AS	102351	102344
ESC_CB3867AA_AS	102344	102344
ESC_CB7192AA_AS	79152	79152
ESC_CB7175AA_AS	103766	103766
ESC_EB0803AA_AS	106021	106021
ESC_EB0814AA_AS	106029	106029
ESC_EB0821AA_AS	106042	106042
ESC_EB0825AA_AS	106045	106045
ESC_EB0827AA_AS	106041	31111
ESC_EB0829AA_AS	106039	106039
ESC_EB0838AA_AS	106051	106051
ESC_EB0841AA_AS	106055	106055
ESC_EB0842AA_AS	106056	28988
ESC_EB0843AA_AS	31111	31111
ESC_EB1482AA_AS	106021	106021
ESC_EB1489AA_AS	106039	106039
ESC_EB5314AA_AS	109372	64736
ESC_EB5394AA_AS	109399	109399
ESC_EB5397AA_AS	109401	31111
ESC_EB5400AA_AS	109402	109402
ESC_EB5403AA_AS	109403	109403
ESC_EB5406AA_AS	109405	26367
ESC_EB5407AA_AS	109409	109409
ESC_EB5412AA_AS	109418	109402
ESC_EB5413AA_AS	109411	109411
ESC_EB5416AA_AS	109372	64736
ESC_FB0875AA_AS	109409	109409
ESC_FB0880AA_AS	72956	64736
ESC_FB0888AA_AS	109372	64736
ESC_FB1306AA_AS	106021	106021
ESC_FB1309AA_AS	106021	106021
ESC_FB1310AA_AS	110847	64736
ESC_FB1313AA_AS	106021	106021
ESC_FB1317AA_AS	109372	64736
ESC_FB1318AA_AS	110857	64736
ESC_FB1319AA_AS	110855	110855
ESC_FB1333AA_AS	109372	64736
ESC_FB1337AA_AS	106055	106055
ESC_FB1367AA_AS	110881	109411
ESC_FB1368AA_AS	72956	64736
ESC_FB1369AA_AS	109372	64736
ESC_FB1370AA_AS	109399	109399
ESC_FB1371AA_AS	72956	64736
ESC_FB1398AA_AS	110895	106055
ESC_FB1405AA_AS	109409	109409
ESC_FB1406AA_AS	79254	79254
ESC_FB1422AA_AS	110913	110913
ESC_FB1426AA_AS	110916	109402
ESC_FB1428AA_AS	110919	106021
ESC_FB1589AA_AS	110947	110947
ESC_FB1651AA_AS	113509	113509
ESC_FB1650AA_AS	113509	113509
ESC_FB1970AA_AS	113607	113607
ESC_FB3096AA_AS	44435	44435
ESC_FB3610AA_AS	114115	114115
ESC_FB3835AA_AS	114282	114282
ESC_FB4811AA_AS	114898	114898
ESC_FB4755AA_AS	114898	114898
ESC_FB5047AA_AS	114985	114985
ESC_FB5376AA_AS	115040	115040
ESC_FB5560AA_AS	115035	115035
ESC_FB5758AA_AS	115079	93959
ESC_FB5846AA_AS	115110	115110
ESC_FB5874AA_AS	115131	95931
ESC_FB5911AA_AS	115160	38963
ESC_FB6517AA_AS	115400	44435
ESC_FB7739AA_AS	115934	115934
ESC_FB7845AA_AS	115939	115939
ESC_FB7884AA_AS	115970	95931
ESC_FB9647AA_AS	117141	95931
ESC_FB9445AA_AS	116937	116937
ESC_FB9392AA_AS	116864	116864
ESC_GB1558AA_AS	117943	117943
ESC_GB1914AA_AS	118065	118065
ESC_GB2136AA_AS	118158	118158
ESC_GB2141AA_AS	118162	118162
ESC_LB2212AA_AS	118453	118453
ESC_GB3643AA_AS	119001	119001
ESC_GB4225AA_AS	72956	64736
ESC_GB4216AA_AS	72956	64736
ESC_GB4212AA_AS	72956	64736
ESC_GB4209AA_AS	72956	64736
ESC_GB4204AA_AS	72956	64736
ESC_GB4203AA_AS	72956	64736
ESC_GB4202AA_AS	72956	64736
ESC_GB4195AA_AS	72956	64736
ESC_GB4191AA_AS	119401	64736
ESC_GB4188AA_AS	72956	64736
ESC_GB8862AA_AS	122511	122511
ESC_GB8858AA_AS	122500	122487
ESC_GB8857AA_AS	122500	122487
ESC_GB8855AA_AS	122500	122487
ESC_GB8854AA_AS	122500	122487
ESC_GB8820AA_AS	122487	122487
ESC_GB8818AA_AS	122490	122490
ESC_GB8817AA_AS	122500	122487
ESC_GB9313AA_AS	122742	122742
ESC_GB7098AA_AS	121603	121603
ESC_GB7097AA_AS	121603	121603
ESC_LB2124AA_AS	137883	137883
ESC_GB6566AA_AS	119631	119631
ESC_GB6461AA_AS	119536	119536
ESC_GB9020AA_AS	118802	118802
ESC_GB9909AA_AS	123018	58372
ESC_GB9853AA_AS	123018	58372
ESC_GB9842AA_AS	72956	64736
ESC_GB9841AA_AS	72956	64736
ESC_GB9836AA_AS	72956	64736
ESC_GB9835AA_AS	72956	64736
ESC_HB6096AA_AS	72956	64736
ESC_HB6095AA_AS	72956	64736
ESC_HB6094AA_AS	72956	64736
ESC_HB6093AA_AS	72956	64736
ESC_HB6092AA_AS	72956	64736
ESC_HB6088AA_AS	72956	64736
ESC_HB6087AA_AS	72956	64736
ESC_HB6086AA_AS	72956	64736
ESC_HB6084AA_AS	72956	64736
ESC_HB6083AA_AS	72956	64736
ESC_HB6081AA_AS	72956	64736
ESC_HB6080AA_AS	72956	64736
ESC_HB7233AA_AS	72956	64736
ESC_HB7230AA_AS	72956	64736
ESC_HB7229AA_AS	72956	64736
ESC_HB7228AA_AS	72956	64736
ESC_HB7227AA_AS	72956	64736
ESC_HB7478AA_AS	124415	124415
ESC_HB9079AA_AS	124646	124646
ESC_IB0389AA_AS	125939	125939
ESC_LB2144AA_AS	131326	31111
ESC_LB2145AA_AS	131325	131325
ESC_IB7910AA_AS	130880	130880
ESC_IB7897AA_AS	130880	130880
ESC_IB6501AA_AS	79800	79800
ESC_IB6500AA_AS	79800	79800
ESC_IB6499AA_AS	79800	79800
ESC_IB6498AA_AS	79800	79800
ESC_IB6497AA_AS	79800	79800
ESC_IB6250AA_AS	129487	129487
ESC_IB6226AA_AS	129473	129473
ESC_IB6214AA_AS	129412	129412
ESC_IB6181AA_AS	129446	109411
ESC_IB6179AA_AS	109372	64736
ESC_IB6172AA_AS	129356	106039
ESC_IB6161AA_AS	129368	118065
ESC_IB6158AA_AS	72956	64736
ESC_IB6151AA_AS	59518	59518
ESC_IB6146AA_AS	129381	129381
ESC_IB6143AA_AS	106055	106055
ESC_IB6134AA_AS	31111	31111
ESC_IB6124AA_AS	28988	28988
ESC_IB6101AA_AS	129354	129354
ESC_IB6071AA_AS	129290	31111
ESC_IB6065AA_AS	129297	106045
ESC_IB6063AA_AS	129298	64736
ESC_IB6061AA_AS	129300	80773
ESC_IB6057AA_AS	129305	129305
ESC_IB6055AA_AS	129306	38957
ESC_IB6023AA_AS	100187	100187
ESC_IB6007AA_AS	106055	106055
ESC_RC0450AA_AS	295570	129381
ESC_RC0469AA_AS	295584	295584
ESC_JB5546AA_AS	132735	132735
ESC_JB5551AA_AS	132740	26367
ESC_JB8207AA_AS	133290	133290
ESC_KB4185AA_AS	72956	64736
ESC_KB4184AA_AS	72956	64736
ESC_KB4183AA_AS	72956	64736
ESC_KB4182AA_AS	72956	64736
ESC_KB4178AA_AS	72956	64736
ESC_KB4177AA_AS	72956	64736
ESC_KB4176AA_AS	72956	64736
ESC_LB1193AA_AS	136868	136868
ESC_LB0796AA_AS	136741	57802
ESC_LB0272AA_AS	136545	136545
ESC_KB9689AA_AS	136236	136236
ESC_KB9739AA_AS	136208	136208
ESC_LB2098AA_AS	137905	129305
ESC_LB2188AA_AS	97898	97898
ESC_LB2273AA_AS	137220	137220
ESC_LB2274AA_AS	137220	137220
ESC_LB2299AA_AS	137220	137220
ESC_LB2439AA_AS	136997	136997
ESC_LB3931AA_AS	138599	138599
ESC_LB4846AA_AS	138964	138964
ESC_LB6062AA_AS	139583	139583
ESC_LB5851AA_AS	124415	124415
ESC_LB7293AA_AS	140221	140221
ESC_LB7209AA_AS	79152	79152
ESC_LB7074AA_AS	96744	96744
ESC_LB8207AA_AS	129290	31111
ESC_LB8202AA_AS	140692	140692
ESC_LB8201AA_AS	129290	31111
ESC_LB9222AA_AS	141147	141147
ESC_LB9218AA_AS	141150	31111
ESC_LB9215AA_AS	141151	104015
ESC_LB8329AA_AS	140531	140531
ESC_NB7740AA_AS	147652	147652
ESC_MB0788AA_AS	31111	31111
ESC_MB1968AA_AS	141804	104015
ESC_MB1966AA_AS	141806	109402
ESC_MB1964AA_AS	141808	28988
ESC_MB1963AA_AS	141808	28988
ESC_MB1947AA_AS	141824	141824
ESC_MB1945AA_AS	141826	28988
ESC_MB1944AA_AS	141826	28988
ESC_MB1934AA_AS	141678	31111
ESC_MB1933AA_AS	141678	31111
ESC_MB1932AA_AS	141678	31111
ESC_MB1927AA_AS	141684	141684
ESC_MB1912AA_AS	141866	141866
ESC_MB1911AA_AS	141866	141866
ESC_MB1908AA_AS	141684	141684
ESC_MB1907AA_AS	141684	141684
ESC_MB1905AA_AS	141698	79418
ESC_MB3343AA_AS	142362	142362
ESC_MB3664AA_AS	142458	129473
ESC_MB4772AA_AS	72956	64736
ESC_MB4714AA_AS	109409	109409
ESC_MB7694AA_AS	109409	109409
ESC_MB7693AA_AS	109409	109409
ESC_NB8797AA_AS	27108	27108
ESC_MB9117AA_AS	109409	109409
ESC_MB9104AA_AS	144081	31111
ESC_MB9092AA_AS	144088	80773
ESC_MB8914AA_AS	144176	144176
ESC_MB8889AA_AS	144001	144001
ESC_MB8856AA_AS	144034	106021
ESC_NB3698AA_AS	145378	43446
ESC_NB6748AA_AS	147441	129487
ESC_NB6057AA_AS	77438	77438
ESC_NB5989AA_AS	47751	47751
ESC_NB4381AA_AS	88700	33472
ESC_NB4372AA_AS	145533	145533
ESC_NB4357AA_AS	88610	88610
ESC_NB4251AA_AS	145449	17493
ESC_NB4235AA_AS	77438	77438
ESC_NB4215AA_AS	88623	88623
ESC_NB5948AA_AS	146894	118065
ESC_NB5311AA_AS	146299	146299
ESC_NB8219AA_AS	72835	72835
ESC_OB3907AA_AS	149397	149397
ESC_OB3657AA_AS	149271	109402
ESC_OB3653AA_AS	149274	149274
ESC_OB3642AA_AS	149286	29431
ESC_OB3861AA_AS	109409	109409
ESC_OB3860AA_AS	109409	109409
ESC_OB3859AA_AS	109409	109409
ESC_OB4724AA_AS	109409	109409
ESC_PB2475AA_AS	150672	150672
ESC_PB2326AA_AS	62144	62144
ESC_PB2322AA_AS	62144	62144
ESC_PB2594AA_AS	150732	150732
ESC_PB2565AA_AS	150754	150754
ESC_QB0404AA_AS	151016	151016
ESC_QB2896AA_AS	109409	109409
ESC_QB3159AA_AS	151185	151185
ESC_QB3155AA_AS	151187	64736
ESC_RB3873AA_AS	151524	71168
ESC_RB3984AA_AS	151556	104015
ESC_RB3977AA_AS	109409	109409
ESC_RB8301AA_AS	151622	31111
ESC_RB8282AA_AS	59518	59518
ESC_RB8281AA_AS	151642	151642
ESC_RB8821AA_AS	151980	31111
ESC_RB8809AA_AS	141151	104015
ESC_RB8804AA_AS	140221	140221
ESC_RB9911AA_AS	152097	152097
ESC_RB8801AA_AS	151995	151995
ESC_RB8800AA_AS	141151	104015
ESC_RB9910AA_AS	152098	106042
ESC_RB8794AA_AS	137220	137220
ESC_RB8793AA_AS	131326	31111
ESC_RB8792AA_AS	131325	131325
ESC_RB8746AA_AS	151831	38963
ESC_SB0873AA_AS	109409	109409
ESC_SB0872AA_AS	109409	109409
ESC_SB0869AA_AS	109409	109409
ESC_SB0868AA_AS	109409	109409
ESC_SB0867AA_AS	109409	109409
ESC_SB0865AA_AS	109409	109409
ESC_TB3850AA_AS	141804	104015
ESC_TB3853AA_AS	109409	109409
ESC_TB3857AA_AS	106021	106021
ESC_TB3888AA_AS	31111	31111
ESC_TB3890AA_AS	152446	31111
ESC_TB4037AA_AS	109399	109399
ESC_TB4063AA_AS	72956	64736
ESC_TB4064AA_AS	109409	109409
ESC_TB4078AA_AS	109399	109399
ESC_TB4087AA_AS	109372	64736
ESC_TB4088AA_AS	151980	31111
ESC_TB4090AA_AS	151556	104015
ESC_TB4097AA_AS	72956	64736
ESC_UB1017AA_AS	109409	109409
ESC_UB1016AA_AS	109409	109409
ESC_UB2526AA_AS	155552	155552
ESC_UB2516AA_AS	155560	110913
ESC_UB2470AA_AS	155464	155464
ESC_UB4126AA_AS	157057	157057
ESC_UB4121AA_AS	157062	157062
ESC_UB4111AA_AS	157071	157071
ESC_UB3833AA_AS	156987	156987
ESC_UB4709AA_AS	155893	155893
ESC_UB6618AA_AS	158540	158540
ESC_UB6611AA_AS	158545	109409
ESC_VB0005AA_AS	159770	159770
ESC_VB1381AA_AS	160547	160547
ESC_VB1727AA_AS	160756	104015
ESC_VB1702AA_AS	160774	160774
ESC_VB2175AA_AS	81820	81820
ESC_VB2646AA_AS	161325	161325
ESC_VB2545AA_AS	87670	17493
ESC_VB2487AA_AS	161099	110913
ESC_VB2485AA_AS	161101	161101
ESC_VB2368AA_AS	129290	31111
ESC_WB4964AA_AS	109409	109409
ESC_WB4906AA_AS	167533	167533
ESC_VB5557AA_AS	162651	162651
ESC_VB4822AA_AS	57630	57630
ESC_VB6211AA_AS	158718	158718
ESC_VB6212AA_AS	158718	158718
ESC_VB6221AA_AS	158718	158718
ESC_VB6226AA_AS	158718	158718
ESC_VB6822AA_AS	31111	31111
ESC_VB6778AA_AS	162974	31111
ESC_VB6764AA_AS	162985	162985
ESC_VB6738AA_AS	163007	163007
ESC_VB7255AA_AS	158930	59518
ESC_VB7632AA_AS	163638	163638
ESC_VB7734AA_AS	163511	163511
ESC_VB7730AA_AS	163511	163511
ESC_VB7715AA_AS	163511	163511
ESC_VB7714AA_AS	163511	163511
ESC_VB7697AA_AS	163537	31300
ESC_VB9454AA_AS	100187	100187
ESC_WB0135AA_AS	72956	64736
ESC_WB0134AA_AS	72956	64736
ESC_WB0237AA_AS	72956	64736
ESC_WB0236AA_AS	72956	64736
ESC_WB0235AA_AS	72956	64736
ESC_WB0234AA_AS	72956	64736
ESC_WB5911AA_AS	72956	64736
ESC_WB0232AA_AS	72956	64736
ESC_WB0231AA_AS	72956	64736
ESC_WB0227AA_AS	72956	64736
ESC_WB0219AA_AS	72956	64736
ESC_WB0218AA_AS	72956	64736
ESC_WB0217AA_AS	72956	64736
ESC_WB0216AA_AS	72956	64736
ESC_WB0215AA_AS	72956	64736
ESC_WB0207AA_AS	164557	44435
ESC_WB0205AA_AS	164560	44435
ESC_WB0203AA_AS	164560	44435
ESC_WB2157AA_AS	165994	165994
ESC_WB2146AA_AS	165949	165949
ESC_WB2365AA_AS	109409	109409
ESC_WB2440AA_AS	72956	64736
ESC_WB3891AA_AS	166918	166918
ESC_WB6457AA_AS	168565	104015
ESC_WB6450AA_AS	141826	28988
ESC_WB6448AA_AS	168575	168575
ESC_WB6446AA_AS	168576	140221
ESC_WB6440AA_AS	168523	168523
ESC_WB6530AA_AS	168534	168534
ESC_WB6529AA_AS	168534	168534
ESC_WB6518AA_AS	151980	31111
ESC_WB6812AA_AS	168765	168765
ESC_WB6811AA_AS	168771	168771
ESC_WB6672AA_AS	152097	152097
ESC_WB6671AA_AS	151995	151995
ESC_WB7581AA_AS	169159	169159
ESC_WB7577AA_AS	169159	169159
ESC_WB7566AA_AS	169175	117943
ESC_WB7553AA_AS	110913	110913
ESC_WB7549AA_AS	110913	110913
ESC_WB7547AA_AS	110913	110913
ESC_WB7544AA_AS	110913	110913
ESC_WB7541AA_AS	169198	169198
ESC_WB7529AA_AS	169198	169198
ESC_WB7498AA_AS	169461	64736
ESC_WB7496AA_AS	169463	169463
ESC_WB7492AA_AS	169461	64736
ESC_WB7491AA_AS	169159	169159
ESC_WB7479AA_AS	168994	168994
ESC_WB7279AA_AS	168964	168964
ESC_WB7277AA_AS	168967	168967
ESC_WB8212AA_AS	28988	28988
ESC_WB8208AA_AS	169669	169669
ESC_WB8195AA_AS	169536	169536
ESC_WB8190AA_AS	169541	169541
ESC_WB8162AA_AS	169559	169559
ESC_WB8160AA_AS	169559	169559
ESC_WB8119AA_AS	109402	109402
ESC_WB8113AA_AS	169586	169586
ESC_WB8100AA_AS	169598	169598
ESC_WB8091AA_AS	169607	38963
ESC_WB8064AA_AS	78257	71168
ESC_WB8059AA_AS	100059	100059
ESC_WB8052AA_AS	117943	117943
ESC_WB8909AA_AS	169811	169811
ESC_WB9128AA_AS	109409	109409
ESC_XB0829AA_AS	109409	109409
ESC_XB0828AA_AS	109409	109409
ESC_XB0827AA_AS	109409	109409
ESC_XB1480AA_AS	170503	109409
ESC_XB5384AA_AS	171685	171685
ESC_XB5242AA_AS	171288	171288
ESC_XB4542AA_AS	170819	170819
ESC_XB4535AA_AS	170825	170825
ESC_XB4413AA_AS	170740	170740
ESC_XB7059AA_AS	172083	172083
ESC_XB7055AA_AS	140221	140221
ESC_XB7053AA_AS	152097	152097
ESC_XB7042AA_AS	109409	109409
ESC_XB7035AA_AS	172101	31111
ESC_XB7033AA_AS	172204	172204
ESC_XB7032AA_AS	172105	172105
ESC_XB9150AA_AS	141151	104015
ESC_XB9146AA_AS	141151	104015
ESC_YB1920AA_AS	109402	109402
ESC_YB1895AA_AS	79152	79152
ESC_YB1873AA_AS	172897	172897
ESC_YB1856AA_AS	172917	106055
ESC_YB1772AA_AS	172999	172999
ESC_YB1730AA_AS	59651	59651
ESC_YB1719AA_AS	59651	59651
ESC_YB1696AA_AS	172811	172811
ESC_YB1694AA_AS	172813	28988
ESC_YB1687AA_AS	172659	172659
ESC_YB1677AA_AS	172830	172830
ESC_YB1653AA_AS	140221	140221
ESC_YB1650AA_AS	172627	172627
ESC_YB1644AA_AS	172627	172627
ESC_YB1613AA_AS	172659	172659
ESC_YB1594AA_AS	172675	104015
ESC_YB1534AA_AS	173007	31111
ESC_YB2264AA_AS	173011	173011
ESC_YB2525AA_AS	173049	173049
ESC_YB4497AA_AS	109409	109409
ESC_YB4496AA_AS	173208	104015
ESC_YB4493AA_AS	173208	104015
ESC_YB4491AA_AS	173212	104015
ESC_ZB0101AA_AS	174313	174313
ESC_ZB1751AA_AS	72956	64736
ESC_ZB2540AA_AS	109409	109409
ESC_ZB5916AA_AS	109409	109409
ESC_ZB5913AA_AS	109409	109409
ESC_ZB5911AA_AS	109409	109409
ESC_ZB5910AA_AS	109409	109409
ESC_ZB6320AA_AS	175949	175949
ESC_ZB6319AA_AS	175955	175955
ESC_ZB6969AA_AS	175780	175780
ESC_ZB7879AA_AS	95870	95870
ESC_ZB7328AA_AS	95931	95931
ESC_ZB8142AA_AS	176629	104015
ESC_ZB8141AA_AS	109409	109409
ESC_ZB8587AA_AS	176849	176849
ESC_ZB8812AA_AS	177057	175780
ESC_ZB9388AA_AS	158545	109409
ESC_ZB9386AA_AS	158545	109409
ESC_ZB9385AA_AS	158545	109409
ESC_ZB9384AA_AS	158545	109409
ESC_AC1589AA_AS	158545	109409
ESC_AC1490AA_AS	179173	162651
ESC_ZB9409AA_AS	177436	177436
ESC_AC2977AA_AS	72956	64736
ESC_AC2976AA_AS	72956	64736
ESC_AC2975AA_AS	72956	64736
ESC_AC2974AA_AS	72956	64736
ESC_AC2973AA_AS	72956	64736
ESC_AC2972AA_AS	72956	64736
ESC_AC2970AA_AS	72956	64736
ESC_AC2968AA_AS	72956	64736
ESC_AC3403AA_AS	180335	109409
ESC_AC3402AA_AS	109409	109409
ESC_AC3400AA_AS	173208	104015
ESC_AC3398AA_AS	173208	104015
ESC_AC3397AA_AS	173208	104015
ESC_AC3394AA_AS	109409	109409
ESC_AC3364AA_AS	173208	104015
ESC_AC3563AA_AS	180495	180495
ESC_AC3624AA_AS	180507	180495
ESC_AC3609AA_AS	180547	180547
ESC_AC4063AA_AS	109409	109409
ESC_AC4164AA_AS	180970	104015
ESC_AC4162AA_AS	180981	180981
ESC_AC4160AA_AS	109409	109409
ESC_AC4156AA_AS	180981	180981
ESC_AC4196AA_AS	180987	180987
ESC_AC4191AA_AS	109409	109409
ESC_AC4184AA_AS	176629	104015
ESC_AC4497AA_AS	181278	181278
ESC_AC4541AA_AS	88623	88623
ESC_AC4612AA_AS	181360	181360
ESC_AC4725AA_AS	181452	181452
ESC_AC4758AA_AS	181751	181751
ESC_AC5142AA_AS	71750	64736
ESC_AC5146AA_AS	71750	64736
ESC_AC5148AA_AS	71750	64736
ESC_AC5552AA_AS	109409	109409
ESC_AC5551AA_AS	109409	109409
ESC_AC5548AA_AS	109409	109409
ESC_AC5544AA_AS	109409	109409
ESC_AC5542AA_AS	109409	109409
ESC_EC9536AA_AS	182137	182137
ESC_EC9537AA_AS	182137	182137
ESC_EC9539AA_AS	182138	23749
ESC_EC9541AA_AS	182146	182146
ESC_EC9544AA_AS	182139	182139
ESC_AC5654AA_AS	182181	182181
ESC_AC5891AA_AS	109409	109409
ESC_AC5893AA_AS	109409	109409
ESC_AC9532AA_AS	72956	64736
ESC_AC6613AA_AS	182934	182934
ESC_BC8684AA_AS	186411	104015
ESC_BC8705AA_AS	187201	187201
ESC_BC8324AA_AS	186887	186887
ESC_BC0734AA_AS	184071	184071
ESC_BC5190AA_AS	185318	185318
ESC_BC5485AA_AS	109409	109409
ESC_BC6418AA_AS	109409	109409
ESC_BC7627AA_AS	186609	186458
ESC_BC7200AA_AS	186377	102344
ESC_BC7742AA_AS	186748	186748
ESC_BC7127AA_AS	186411	104015
ESC_BC7503AA_AS	186685	43446
ESC_BC7035AA_AS	186458	186458
ESC_BC9095AA_AS	187486	187486
ESC_BC9588AA_AS	109409	109409
ESC_CC0061AA_AS	109409	109409
ESC_CC0140AA_AS	188235	109402
ESC_CC0163AA_AS	188247	109402
ESC_CC0180AA_AS	151556	104015
ESC_CC0217AA_AS	188312	80773
ESC_CC0222AA_AS	141804	104015
ESC_CC0230AA_AS	188318	188318
ESC_CC0234AA_AS	72956	64736
ESC_CC0285AA_AS	188318	188318
ESC_CC0429AA_AS	188536	64736
ESC_CC0504AA_AS	188593	188593
ESC_CC0516AA_AS	188595	104015
ESC_CC0541AA_AS	188614	188614
ESC_CC0554AA_AS	117943	117943
ESC_CC0579AA_AS	137905	129305
ESC_CC0610AA_AS	188687	188687
ESC_CC1231AA_AS	189621	189621
ESC_CC1380AA_AS	189156	189156
ESC_CC1396AA_AS	189141	189141
ESC_CC1554AA_AS	189431	189431
ESC_CC1918AA_AS	189694	189694
ESC_CC2455AA_AS	190168	190168
ESC_CC3113AA_AS	190554	190554
ESC_CC3144AA_AS	190537	31111
ESC_CC3145AA_AS	190536	109409
ESC_CC3157AA_AS	190575	31111
ESC_CC3158AA_AS	190575	31111
ESC_CC3159AA_AS	190575	31111
ESC_CC4241AA_AS	191320	157057
ESC_CC3839AA_AS	191048	191048
ESC_CC4621AA_AS	72956	64736
ESC_CC4624AA_AS	109409	109409
ESC_CC4625AA_AS	109409	109409
ESC_CC4634AA_AS	191666	191666
ESC_CC4732AA_AS	109409	109409
ESC_CC4745AA_AS	72956	64736
ESC_CC4935AA_AS	191996	191996
ESC_CC4936AA_AS	191996	191996
ESC_CC4941AA_AS	191988	191988
ESC_CC4943AA_AS	191991	191991
ESC_CC4950AA_AS	191987	109409
ESC_CC5022AA_AS	109409	109409
ESC_CC5029AA_AS	72956	64736
ESC_CC8364AA_AS	194020	194020
ESC_CC8366AA_AS	109409	109409
ESC_CC7955AA_AS	193772	31300
ESC_CC8118AA_AS	194147	102344
ESC_CC8123AA_AS	194108	194108
ESC_CC8605AA_AS	194422	194422
ESC_CC8621AA_AS	109409	109409
ESC_CC8624AA_AS	109409	109409
ESC_CC8626AA_AS	109409	109409
ESC_CC8730AA_AS	194299	47751
ESC_CC8734AA_AS	194299	47751
ESC_CC8759AA_AS	194275	194275
ESC_CC8788AA_AS	194299	47751
ESC_CC8811AA_AS	194598	109403
ESC_CC8816AA_AS	194020	194020
ESC_CC8817AA_AS	194020	194020
ESC_CC8818AA_AS	194020	194020
ESC_CC8824AA_AS	172659	172659
ESC_CC8825AA_AS	194583	64736
ESC_CC8829AA_AS	129412	129412
ESC_CC8834AA_AS	109418	109402
ESC_CC8909AA_AS	173208	104015
ESC_CC9059AA_AS	194742	172811
ESC_CC9066AA_AS	194739	194739
ESC_CC9357AA_AS	194920	194920
ESC_CC9962AA_AS	109409	109409
ESC_CC9756AA_AS	72956	64736
ESC_DC0183AA_AS	109409	109409
ESC_CC9964AA_AS	195280	195280
ESC_DC0462AA_AS	196440	191991
ESC_DC0373AA_AS	175955	175955
ESC_DC0374AA_AS	175949	175949
ESC_DC0376AA_AS	195577	109409
ESC_DC0699AA_AS	195695	195695
ESC_DC0709AA_AS	195698	4101
ESC_DC1329AA_AS	100059	100059
ESC_DC1694AA_AS	190554	190554
ESC_DC1817AA_AS	196754	190554
ESC_DC1866AA_AS	196727	196727
ESC_DC1902AA_AS	196837	196837
ESC_DC2051AA_AS	72956	64736
ESC_DC2052AA_AS	72956	64736
ESC_DC2066AA_AS	109409	109409
ESC_DC1549AA_AS	196544	196544
ESC_DC1983AA_AS	186411	104015
ESC_DC1990AA_AS	196929	196929
ESC_DC1992AA_AS	71750	64736
ESC_DC1996AA_AS	186411	104015
ESC_DC1998AA_AS	196926	118065
ESC_DC1999AA_AS	151556	104015
ESC_DC2007AA_AS	196944	106055
ESC_DC2008AA_AS	196938	64736
ESC_DC2011AA_AS	196941	110913
ESC_DC2015AA_AS	186411	104015
ESC_DC2023AA_AS	191666	191666
ESC_DC2024AA_AS	186411	104015
ESC_DC2025AA_AS	109409	109409
ESC_DC2031AA_AS	172105	172105
ESC_DC2032AA_AS	172105	172105
ESC_DC2034AA_AS	186411	104015
ESC_DC2035AA_AS	196968	64736
ESC_DC2039AA_AS	186411	104015
ESC_DC2044AA_AS	172105	172105
ESC_DC2067AA_AS	186411	104015
ESC_DC2070AA_AS	186411	104015
ESC_DC2081AA_AS	196990	196990
ESC_DC2088AA_AS	186411	104015
ESC_DC2089AA_AS	196999	196999
ESC_DC2090AA_AS	186411	104015
ESC_DC2091AA_AS	186411	104015
ESC_DC2092AA_AS	186411	104015
ESC_DC2513AA_AS	197727	109409
ESC_DC2531AA_AS	197458	109409
ESC_DC2534AA_AS	197458	109409
ESC_DC2535AA_AS	197458	109409
ESC_DC2600AA_AS	109409	109409
ESC_DC2601AA_AS	109409	109409
ESC_DC2628AA_AS	72956	64736
ESC_DC2672AA_AS	197370	197370
ESC_DC2694AA_AS	197370	197370
ESC_DC2714AA_AS	109409	109409
ESC_DC2715AA_AS	109409	109409
ESC_DC2716AA_AS	109409	109409
ESC_DC2717AA_AS	109409	109409
ESC_DC2925AA_AS	197458	109409
ESC_DC2344AA_AS	197222	197222
ESC_DC3293AA_AS	109409	109409
ESC_DC3295AA_AS	109409	109409
ESC_DC3359AA_AS	137905	129305
ESC_DC3391AA_AS	198182	198182
ESC_DC3463AA_AS	198139	71168
ESC_DC4467AA_AS	31111	31111
ESC_DC4529AA_AS	31111	31111
ESC_DC4688AA_AS	137905	129305
ESC_EC4723AA_AS	147441	129487
ESC_EC4728AA_AS	147441	129487
ESC_EC4736AA_AS	205808	23367
ESC_EC4744AA_AS	129487	129487
ESC_EC4745AA_AS	147441	129487
ESC_EC4747AA_AS	147441	129487
ESC_EC4759AA_AS	59518	59518
ESC_EC4763AA_AS	59518	59518
ESC_EC4764AA_AS	59518	59518
ESC_EC4766AA_AS	59518	59518
ESC_EC4769AA_AS	147441	129487
ESC_EC4770AA_AS	147441	129487
ESC_EC4771AA_AS	147441	129487
ESC_EC4772AA_AS	147441	129487
ESC_EC4773AA_AS	147441	129487
ESC_EC4774AA_AS	147441	129487
ESC_EC4775AA_AS	147441	129487
ESC_EC4776AA_AS	59518	59518
ESC_EC4777AA_AS	205774	59518
ESC_EC4778AA_AS	59518	59518
ESC_EC4779AA_AS	205770	158540
ESC_EC4780AA_AS	205771	205771
ESC_EC4781AA_AS	205772	31111
ESC_EC4782AA_AS	205777	205771
ESC_DC5966AA_AS	199646	162651
ESC_DC6066AA_AS	200044	162651
ESC_DC6147AA_AS	199928	190554
ESC_DC6148AA_AS	109409	109409
ESC_DC7332AA_AS	200148	17493
ESC_DC7679AA_AS	202106	202106
ESC_DC7814AA_AS	109409	109409
ESC_DC7816AA_AS	109409	109409
ESC_DC7912AA_AS	202030	202030
ESC_DC8559AA_AS	200754	168575
ESC_DC8560AA_AS	200754	168575
ESC_DC8794AA_AS	109409	109409
ESC_DC9328AA_AS	180335	109409
ESC_DC9517AA_AS	201140	201140
ESC_EC0845AA_AS	203497	203497
ESC_EC0957AA_AS	197458	109409
ESC_EC1824AA_AS	203981	104015
ESC_EC2082AA_AS	204062	129305
ESC_EC3832AA_AS	173208	104015
ESC_EC3833AA_AS	173208	104015
ESC_EC3834AA_AS	173208	104015
ESC_FC4333AA_AS	211835	64736
ESC_FC4334AA_AS	109409	109409
ESC_FC4376AA_AS	211835	64736
ESC_FC4404AA_AS	211727	109409
ESC_FC4410AA_AS	211727	109409
ESC_FC4415AA_AS	211727	109409
ESC_FC4418AA_AS	211727	109409
ESC_FC4420AA_AS	211727	109409
ESC_FC4430AA_AS	211727	109409
ESC_EC5484AA_AS	206015	138599
ESC_EC5547AA_AS	206324	206285
ESC_EC5577AA_AS	206292	206292
ESC_EC5588AA_AS	206285	206285
ESC_EC5590AA_AS	206280	17493
ESC_EC5606AA_AS	206264	206264
ESC_EC5613AA_AS	206257	206257
ESC_EC5641AA_AS	206213	206213
ESC_EC5642AA_AS	206015	138599
ESC_EC5645AA_AS	206209	206209
ESC_EC5651AA_AS	206206	206206
ESC_EC5657AA_AS	206201	206201
ESC_EC5707AA_AS	206150	206150
ESC_EC5751AA_AS	206112	138599
ESC_EC5756AA_AS	206108	206108
ESC_EC5763AA_AS	206108	206108
ESC_EC5799AA_AS	206108	206108
ESC_EC5800AA_AS	207495	207495
ESC_EC5821AA_AS	207472	207472
ESC_EC5822AA_AS	207473	138599
ESC_EC5831AA_AS	206460	136545
ESC_EC5835AA_AS	206456	206451
ESC_EC5838AA_AS	206451	206451
ESC_EC5879AA_AS	206417	206417
ESC_FC4615AA_AS	212023	212023
ESC_FC4621AA_AS	206108	206108
ESC_EC5917AA_AS	206398	206398
ESC_EC5923AA_AS	206392	44435
ESC_EC5968AA_AS	206373	206373
ESC_EC5976AA_AS	206365	206365
ESC_EC5980AA_AS	206363	206363
ESC_EC6024AA_AS	206363	206363
ESC_EC6029AA_AS	206015	138599
ESC_EC6033AA_AS	207400	207400
ESC_EC6091AA_AS	207349	207349
ESC_EC6105AA_AS	207328	97898
ESC_EC6127AA_AS	207238	100710
ESC_EC6139AA_AS	207300	207280
ESC_EC6150AA_AS	206015	138599
ESC_EC6157AA_AS	207280	207280
ESC_EC6192AA_AS	206015	138599
ESC_EC6196AA_AS	207238	100710
ESC_EC6197AA_AS	207247	11201
ESC_EC6210AA_AS	207214	206108
ESC_EC6712AA_AS	115934	115934
ESC_EC6745AA_AS	115400	44435
ESC_EC6764AA_AS	115079	93959
ESC_EC6774AA_AS	115040	115040
ESC_EC6811AA_AS	44435	44435
ESC_EC6875AA_AS	206996	206996
ESC_EC7404AA_AS	109409	109409
ESC_EC7414AA_AS	206761	140221
ESC_EC7419AA_AS	109409	109409
ESC_EC7421AA_AS	109409	109409
ESC_EC7423AA_AS	28989	28989
ESC_EC7427AA_AS	206758	106045
ESC_EC7428AA_AS	109409	109409
ESC_EC7443AA_AS	109409	109409
ESC_EC7449AA_AS	206949	206949
ESC_EC7462AA_AS	206940	206940
ESC_EC7467AA_AS	206939	59518
ESC_EC7474AA_AS	141151	104015
ESC_EC7488AA_AS	109409	109409
ESC_EC7504AA_AS	141147	141147
ESC_EC7512AA_AS	206895	206895
ESC_EC7517AA_AS	155560	110913
ESC_EC7548AA_AS	206859	106055
ESC_EC7846AA_AS	207636	207636
ESC_EC7929AA_AS	207709	106055
ESC_EC8472AA_AS	208151	208151
ESC_FC6191AA_AS	172659	172659
ESC_EC9491AA_AS	208531	208531
ESC_EC9502AA_AS	208531	208531
ESC_FC0050AA_AS	208791	208791
ESC_FC0340AA_AS	209075	209075
ESC_FC0341AA_AS	209072	209072
ESC_FC0959AA_AS	209072	209072
ESC_EC8933AA_AS	208273	208273
ESC_EC9116AA_AS	199646	162651
ESC_EC9169AA_AS	199646	162651
ESC_EC9208AA_AS	200044	162651
ESC_FC7668AA_AS	196544	196544
ESC_FC7671AA_AS	214044	214044
ESC_FC1958AA_AS	109409	109409
ESC_FC8411AA_AS	72956	64736
ESC_FC3328AA_AS	197458	109409
ESC_FC3329AA_AS	109409	109409
ESC_FC3333AA_AS	109409	109409
ESC_FC3894AA_AS	173208	104015
ESC_GC3464AA_AS	218864	104015
ESC_FC4167AA_AS	180335	109409
ESC_FC5302AA_AS	109409	109409
ESC_FC5634AA_AS	212808	212808
ESC_FC5636AA_AS	212806	212806
ESC_FC5639AA_AS	212804	212804
ESC_FC5640AA_AS	173208	104015
ESC_GC7107AA_AS	109409	109409
ESC_FC6760AA_AS	181360	181360
ESC_FC7904AA_AS	72956	64736
ESC_GC0023AA_AS	197458	109409
ESC_GC0036AA_AS	109409	109409
ESC_GC0061AA_AS	215215	104015
ESC_GC0076AA_AS	129381	129381
ESC_GC0091AA_AS	215185	215185
ESC_GC0093AA_AS	215188	109409
ESC_GC0102AA_AS	215178	129381
ESC_GC0109AA_AS	129381	129381
ESC_GC0145AA_AS	109409	109409
ESC_GC0149AA_AS	109409	109409
ESC_GC0151AA_AS	151995	151995
ESC_GC0155AA_AS	159770	159770
ESC_GC0158AA_AS	141804	104015
ESC_GC0159AA_AS	215121	215121
ESC_GC0163AA_AS	188312	80773
ESC_GC0173AA_AS	109409	109409
ESC_GC0177AA_AS	215106	180987
ESC_GC0196AA_AS	215620	215620
ESC_GC0198AA_AS	215618	215618
ESC_GC0205AA_AS	109402	109402
ESC_GC0228AA_AS	215313	215313
ESC_GC0236AA_AS	205770	158540
ESC_GC0249AA_AS	215296	84800
ESC_GC0254AA_AS	215289	79418
ESC_GC0260AA_AS	215285	215285
ESC_GC0290AA_AS	109409	109409
ESC_GC1450AA_AS	217596	162651
ESC_GC1517AA_AS	217132	217132
ESC_GC1562AA_AS	123018	58372
ESC_GC1657AA_AS	217510	217510
ESC_GC1713AA_AS	217303	217303
ESC_GC1781AA_AS	217236	217236
ESC_GC1783AA_AS	217234	162651
ESC_GC1959AA_AS	141808	28988
ESC_GC1963AA_AS	141808	28988
ESC_GC2299AA_AS	109409	109409
ESC_GC2303AA_AS	217906	217906
ESC_GC2304AA_AS	217904	109409
ESC_GC2572AA_AS	218409	218409
ESC_GC2599AA_AS	188235	109402
ESC_GC2604AA_AS	207328	97898
ESC_GC2612AA_AS	218375	31111
ESC_GC2730AA_AS	57803	57803
ESC_GC2765AA_AS	207247	11201
ESC_GC2789AA_AS	206365	206365
ESC_GC2869AA_AS	206015	138599
ESC_GC3775AA_AS	109409	109409
ESC_GC3778AA_AS	109409	109409
ESC_GC3840AA_AS	71750	64736
ESC_GC4015AA_AS	203981	104015
ESC_HC0921AA_AS	184071	184071
ESC_HC1080AA_AS	223462	223462
ESC_HC1128AA_AS	223415	223415
ESC_HC1151AA_AS	223391	223391
ESC_HC1153AA_AS	223392	223392
ESC_HC1234AA_AS	224283	224283
ESC_HC1457AA_AS	224179	102344
ESC_HC1464AA_AS	224178	224178
ESC_HC1584AA_AS	223683	223683
ESC_HC1780AA_AS	223985	141866
ESC_GC5590AA_AS	109409	109409
ESC_HC1864AA_AS	186377	102344
ESC_HC1884AA_AS	186685	43446
ESC_HC1921AA_AS	223722	223722
ESC_HC1922AA_AS	223952	223952
ESC_HC2004AA_AS	186411	104015
ESC_GC6810AA_AS	197458	109409
ESC_GC6816AA_AS	220174	158540
ESC_GC6881AA_AS	173208	104015
ESC_GC6882AA_AS	109409	109409
ESC_GC7133AA_AS	211835	64736
ESC_GC7134AA_AS	211835	64736
ESC_GC7338AA_AS	173208	104015
ESC_GC7506AA_AS	109409	109409
ESC_GC8440AA_AS	197222	197222
ESC_GC8441AA_AS	109409	109409
ESC_GC8442AA_AS	72956	64736
ESC_GC8462AA_AS	221552	221552
ESC_GC9787AA_AS	109409	109409
ESC_HC0093AA_AS	222690	222690
ESC_HC0094AA_AS	222690	222690
ESC_HC0119AA_AS	222840	222840
ESC_HC0188AA_AS	222851	222851
ESC_HC0206AA_AS	222690	222690
ESC_HC0218AA_AS	222840	222840
ESC_HC0638AA_AS	72956	64736
ESC_HC0639AA_AS	72956	64736
ESC_HC0642AA_AS	197222	197222
ESC_HC0643AA_AS	109409	109409
ESC_HC0644AA_AS	109409	109409
ESC_HC0645AA_AS	72956	64736
ESC_HC0675AA_AS	189621	189621
ESC_HC3086AA_AS	224739	109409
ESC_HC3087AA_AS	109409	109409
ESC_HC4467AA_AS	109409	109409
ESC_HC4617AA_AS	225454	225454
ESC_HC4685AA_AS	225649	225649
ESC_HC5412AA_AS	226020	226020
ESC_HC5950AA_AS	227280	227280
ESC_HC6676AA_AS	227515	227515
ESC_HC6677AA_AS	227510	227510
ESC_HC6678AA_AS	227512	109409
ESC_HC6679AA_AS	227514	227514
ESC_HC6680AA_AS	227509	109409
ESC_HC6683AA_AS	227508	227508
ESC_HC6685AA_AS	227507	227507
ESC_HC6686AA_AS	227505	227505
ESC_HC6689AA_AS	227503	227503
ESC_HC6796AA_AS	227566	227566
ESC_HC6797AA_AS	227564	227564
ESC_HC7060AA_AS	227816	227816
ESC_HC7299AA_AS	228114	228114
ESC_HC7810AA_AS	228435	228435
ESC_HC7933AA_AS	228559	228559
ESC_HC7934AA_AS	228556	228556
ESC_HC8093AA_AS	197458	109409
ESC_HC8308AA_AS	109409	109409
ESC_HC8309AA_AS	109409	109409
ESC_HC8345AA_AS	228891	228891
ESC_HC8411AA_AS	228980	228980
ESC_HC8412AA_AS	228984	208151
ESC_HC8413AA_AS	228979	109409
ESC_HC8439AA_AS	228961	228961
ESC_HC8440AA_AS	197458	109409
ESC_HC8466AA_AS	228997	228997
ESC_HC8470AA_AS	228998	228998
ESC_HC8471AA_AS	228996	228996
ESC_HC8744AA_AS	229471	229471
ESC_HC9293AA_AS	71750	64736
ESC_HC9316AA_AS	229577	229577
ESC_HC9354AA_AS	229604	229604
ESC_HC9356AA_AS	109409	109409
ESC_HC9364AA_AS	229624	229624
ESC_HC9371AA_AS	172105	172105
ESC_HC9399AA_AS	229662	229662
ESC_HC9402AA_AS	229657	229657
ESC_HC9436AA_AS	229699	229699
ESC_HC9469AA_AS	229716	229716
ESC_HC9517AA_AS	109409	109409
ESC_HC9519AA_AS	229764	229764
ESC_HC9946AA_AS	230168	230168
ESC_HC9954AA_AS	109409	109409
ESC_HC9957AA_AS	230156	230156
ESC_IC0144AA_AS	109409	109409
ESC_IC0194AA_AS	230301	109409
ESC_IC0653AA_AS	72956	64736
ESC_IC0654AA_AS	109409	109409
ESC_IC0655AA_AS	109409	109409
ESC_IC0680AA_AS	230677	109409
ESC_IC0681AA_AS	230675	230675
ESC_IC0704AA_AS	230730	230730
ESC_IC1847AA_AS	231714	156987
ESC_IC1881AA_AS	231753	206996
ESC_IC1882AA_AS	109409	109409
ESC_IC1883AA_AS	197458	109409
ESC_IC2079AA_AS	231907	231907
ESC_IC2130AA_AS	231859	104015
ESC_IC2752AA_AS	232233	232233
ESC_IC2805AA_AS	209072	209072
ESC_IC2869AA_AS	232287	232287
ESC_IC2870AA_AS	232290	232290
ESC_IC3750AA_AS	197222	197222
ESC_IC3752AA_AS	197222	197222
ESC_IC3268AA_AS	206996	206996
ESC_JC4557AA_AS	225649	225649
ESC_IC4213AA_AS	109409	109409
ESC_IC4214AA_AS	109409	109409
ESC_IC4238AA_AS	233369	191666
ESC_IC4257AA_AS	233362	109409
ESC_IC4477AA_AS	233477	233477
ESC_IC4637AA_AS	231753	206996
ESC_IC4638AA_AS	109409	109409
ESC_IC5312AA_AS	197458	109409
ESC_IC5338AA_AS	109409	109409
ESC_IC5449AA_AS	234026	234026
ESC_IC5646AA_AS	176629	104015
ESC_IC5831AA_AS	234373	234373
ESC_IC6476AA_AS	106042	106042
ESC_IC6479AA_AS	106021	106021
ESC_IC6481AA_AS	106021	106021
ESC_IC6482AA_AS	110847	64736
ESC_IC6485AA_AS	106021	106021
ESC_IC6495AA_AS	110857	64736
ESC_IC6498AA_AS	110855	110855
ESC_IC6504AA_AS	106039	106039
ESC_IC6505AA_AS	106039	106039
ESC_IC6507AA_AS	31111	31111
ESC_IC6732AA_AS	106029	106029
ESC_IC6735AA_AS	31111	31111
ESC_IC6737AA_AS	106021	106021
ESC_IC6779AA_AS	72956	64736
ESC_IC6781AA_AS	109372	64736
ESC_IC6783AA_AS	109399	109399
ESC_IC6785AA_AS	109399	109399
ESC_IC6786AA_AS	72956	64736
ESC_IC6806AA_AS	109372	64736
ESC_IC6811AA_AS	106055	106055
ESC_IC6817AA_AS	109372	64736
ESC_IC6820AA_AS	109372	64736
ESC_IC6821AA_AS	109372	64736
ESC_IC7040AA_AS	110913	110913
ESC_IC7042AA_AS	109409	109409
ESC_IC7044AA_AS	109411	109411
ESC_IC7084AA_AS	110895	106055
ESC_IC7087AA_AS	109405	26367
ESC_IC7092AA_AS	109418	109402
ESC_IC7093AA_AS	109409	109409
ESC_IC7096AA_AS	106041	31111
ESC_IC7098AA_AS	79254	79254
ESC_IC7104AA_AS	109402	109402
ESC_IC7109AA_AS	109403	109403
ESC_IC7110AA_AS	72956	64736
ESC_IC7116AA_AS	110881	109411
ESC_IC7120AA_AS	109401	31111
ESC_IC7161AA_AS	109409	109409
ESC_IC7198AA_AS	109409	109409
ESC_IC7209AA_AS	109372	64736
ESC_IC7210AA_AS	72956	64736
ESC_IC7216AA_AS	106056	28988
ESC_IC7218AA_AS	106051	106051
ESC_IC7227AA_AS	110916	109402
ESC_IC7228AA_AS	110919	106021
ESC_IC7233AA_AS	106055	106055
ESC_IC7234AA_AS	106045	106045
ESC_IC7290AA_AS	72956	64736
ESC_IC7301AA_AS	151980	31111
ESC_IC7303AA_AS	141804	104015
ESC_IC7320AA_AS	152446	31111
ESC_IC7323AA_AS	109409	109409
ESC_IC7333AA_AS	151556	104015
ESC_IC7339AA_AS	109409	109409
ESC_IC7342AA_AS	235252	109409
ESC_IC7371AA_AS	197458	109409
ESC_IC7373AA_AS	176629	104015
ESC_IC7403AA_AS	197458	109409
ESC_IC7404AA_AS	109409	109409
ESC_IC7411AA_AS	173208	104015
ESC_IC8474AA_AS	197458	109409
ESC_IC8900AA_AS	109409	109409
ESC_IC9262AA_AS	237107	237107
ESC_IC9473AA_AS	237236	237236
ESC_IC9934AA_AS	237732	237732
ESC_IC9935AA_AS	237732	237732
ESC_IC9940AA_AS	71750	64736
ESC_IC9941AA_AS	237732	237732
ESC_IC9948AA_AS	237732	237732
ESC_IC9949AA_AS	237732	237732
ESC_IC9952AA_AS	237730	237730
ESC_JC0033AA_AS	237749	237749
ESC_JC0198AA_AS	237855	214044
ESC_JC0440AA_AS	237732	237732
ESC_JC0444AA_AS	237732	237732
ESC_JC0458AA_AS	237978	237978
ESC_JC0510AA_AS	237932	237932
ESC_JC0511AA_AS	237915	237730
ESC_JC0514AA_AS	71750	64736
ESC_JC0520AA_AS	237915	237730
ESC_JC0521AA_AS	237916	237916
ESC_JC0523AA_AS	237915	237730
ESC_JC1674AA_AS	241476	241476
ESC_JC1676AA_AS	241476	241476
ESC_JC1677AA_AS	241476	241476
ESC_JC1678AA_AS	241476	241476
ESC_JC2756AA_AS	241476	241476
ESC_JC3028AA_AS	109409	109409
ESC_JC3669AA_AS	239652	239652
ESC_JC4590AA_AS	240551	240551
ESC_JC4609AA_AS	240517	240517
ESC_JC4695AA_AS	109409	109409
ESC_JC4713AA_AS	232233	232233
ESC_JC5300AA_AS	197458	109409
ESC_JC5303AA_AS	109409	109409
ESC_JC5864AA_AS	242647	58372
ESC_JC5879AA_AS	242629	242629
ESC_JC6825AA_AS	243465	243465
ESC_JC6955AA_AS	72956	64736
ESC_JC7029AA_AS	243627	195280
ESC_JC7066AA_AS	243627	195280
ESC_JC7093AA_AS	243680	243680
ESC_JC7365AA_AS	243780	180495
ESC_JC7594AA_AS	244111	109409
ESC_JC7614AA_AS	109409	109409
ESC_JC7615AA_AS	109409	109409
ESC_JC7618AA_AS	109409	109409
ESC_JC7644AA_AS	109409	109409
ESC_JC7653AA_AS	197222	197222
ESC_JC8157AA_AS	197458	109409
ESC_JC8159AA_AS	109409	109409
ESC_JC8162AA_AS	109409	109409
ESC_JC8163AA_AS	197458	109409
ESC_JC8165AA_AS	109409	109409
ESC_JC8249AA_AS	109409	109409
ESC_JC8258AA_AS	244563	244563
ESC_JC8263AA_AS	244554	244554
ESC_JC8285AA_AS	244726	244726
ESC_JC8419AA_AS	151995	151995
ESC_JC8467AA_AS	109409	109409
ESC_JC8650AA_AS	109409	109409
ESC_JC8832AA_AS	245181	162651
ESC_JC8833AA_AS	245182	214044
ESC_JC8917AA_AS	245116	162651
ESC_JC8835AA_AS	245184	245184
ESC_JC8836AA_AS	200044	162651
ESC_JC8837AA_AS	200044	162651
ESC_JC9150AA_AS	245106	245106
ESC_JC8961AA_AS	245106	245106
ESC_JC9091AA_AS	109409	109409
ESC_JC8964AA_AS	109409	109409
ESC_JC8966AA_AS	189431	189431
ESC_JC9011AA_AS	141804	104015
ESC_JC9014AA_AS	151556	104015
ESC_JC9036AA_AS	197458	109409
ESC_JC9037AA_AS	245258	214044
ESC_JC9117AA_AS	109409	109409
ESC_JC9416AA_AS	197458	109409
ESC_JC9682AA_AS	206996	206996
ESC_JC9688AA_AS	245785	206996
ESC_JC9723AA_AS	109409	109409
ESC_JC9724AA_AS	197458	109409
ESC_JC9726AA_AS	197458	109409
ESC_JC9811AA_AS	197458	109409
ESC_JC9812AA_AS	109409	109409
ESC_JC9814AA_AS	109409	109409
ESC_KC0880AA_AS	109409	109409
ESC_KC0912AA_AS	109409	109409
ESC_KC0914AA_AS	38958	38957
ESC_KC0915AA_AS	246646	23749
ESC_KC0917AA_AS	246648	246648
ESC_KC0919AA_AS	31111	31111
ESC_KC0934AA_AS	246626	23749
ESC_KC1024AA_AS	246874	246874
ESC_KC1036AA_AS	245181	162651
ESC_KC1778AA_AS	247387	228891
ESC_KC1779AA_AS	247385	214044
ESC_KC1782AA_AS	197458	109409
ESC_KC1784AA_AS	247569	191666
ESC_KC1785AA_AS	247384	191666
ESC_KC1787AA_AS	247379	109409
ESC_KC1788AA_AS	109409	109409
ESC_KC1791AA_AS	109409	109409
ESC_KC1794AA_AS	245258	214044
ESC_KC1838AA_AS	197458	109409
ESC_KC1841AA_AS	109409	109409
ESC_KC1904AA_AS	247473	247473
ESC_KC1911AA_AS	247467	191666
ESC_KC2082AA_AS	247694	247694
ESC_KC2271AA_AS	247759	247759
ESC_KC2717AA_AS	248195	248195
ESC_KC2718AA_AS	248196	223683
ESC_KC2719AA_AS	197458	109409
ESC_KC2720AA_AS	197458	109409
ESC_KC2761AA_AS	248154	248154
ESC_KC2765AA_AS	173208	104015
ESC_KC2766AA_AS	109409	109409
ESC_KC2963AA_AS	109409	109409
ESC_KC3355AA_AS	248716	248716
ESC_KC3361AA_AS	109409	109409
ESC_KC3364AA_AS	109409	109409
ESC_KC3367AA_AS	245258	214044
ESC_KC3374AA_AS	109409	109409
ESC_KC3557AA_AS	248681	248681
ESC_KC3379AA_AS	140221	140221
ESC_KC3559AA_AS	109409	109409
ESC_KC4429AA_AS	109409	109409
ESC_KC4542AA_AS	197458	109409
ESC_KC4578AA_AS	109409	109409
ESC_KC4979AA_AS	109409	109409
ESC_KC5044AA_AS	109409	109409
ESC_KC5065AA_AS	176629	104015
ESC_KC5273AA_AS	250378	250378
ESC_KC5279AA_AS	250378	250378
ESC_KC5280AA_AS	250378	250378
ESC_KC5283AA_AS	250378	250378
ESC_KC5284AA_AS	250378	250378
ESC_KC5882AA_AS	109409	109409
ESC_KC5900AA_AS	109409	109409
ESC_KC5902AA_AS	251099	251099
ESC_KC5903AA_AS	251099	251099
ESC_KC6003AA_AS	250489	31111
ESC_KC6169AA_AS	250950	250950
ESC_KC6351AA_AS	250899	109409
ESC_KC6353AA_AS	245258	214044
ESC_KC6815AA_AS	251448	251448
ESC_KC7359AA_AS	251617	251617
ESC_KC8442AA_AS	251988	251988
ESC_KC9120AA_AS	253381	253381
ESC_KC9124AA_AS	253381	253381
ESC_KC9972AA_AS	254225	254225
ESC_LC0062AA_AS	109409	109409
ESC_LC0451AA_AS	244304	244304
ESC_LC0452AA_AS	244304	244304
ESC_LC6666AA_AS	245258	214044
ESC_LC0916AA_AS	109409	109409
ESC_LC1108AA_AS	254845	104015
ESC_LC1353AA_AS	109409	109409
ESC_LC1373AA_AS	109409	109409
ESC_LC1426AA_AS	197458	109409
ESC_LC2260AA_AS	247387	228891
ESC_LC2289AA_AS	255874	255874
ESC_LC2730AA_AS	256836	92970
ESC_LC2737AA_AS	256765	256765
ESC_LC3063AA_AS	256765	256765
ESC_LC3740AA_AS	256984	256984
ESC_LC3749AA_AS	256984	256984
ESC_LC3756AA_AS	257005	256984
ESC_LC3774AA_AS	256989	256989
ESC_LC3777AA_AS	256984	256984
ESC_LC3778AA_AS	256984	256984
ESC_LC4117AA_AS	257276	104015
ESC_LC4118AA_AS	109409	109409
ESC_LC4444AA_AS	197458	109409
ESC_LC4521AA_AS	257735	257735
ESC_LC4522AA_AS	109409	109409
ESC_LC4702AA_AS	257690	191666
ESC_LC4704AA_AS	248196	223683
ESC_LC4746AA_AS	71750	64736
ESC_LC4747AA_AS	71750	64736
ESC_LC4748AA_AS	257761	257761
ESC_LC4753AA_AS	71750	64736
ESC_LC4754AA_AS	71750	64736
ESC_LC4757AA_AS	71767	71767
ESC_LC4761AA_AS	257768	257768
ESC_LC4774AA_AS	257785	109409
ESC_LC4789AA_AS	71750	64736
ESC_LC4790AA_AS	257745	64736
ESC_LC4791AA_AS	71767	71767
ESC_LC4792AA_AS	257761	257761
ESC_LC4795AA_AS	257768	257768
ESC_LC4798AA_AS	71752	71752
ESC_LC4800AA_AS	158545	109409
ESC_LC4804AA_AS	71752	71752
ESC_LC4806AA_AS	71752	71752
ESC_LC4812AA_AS	257757	31111
ESC_LC4813AA_AS	257751	64736
ESC_LC4818AA_AS	257745	64736
ESC_LC4821AA_AS	257748	71752
ESC_LC4822AA_AS	71767	71767
ESC_LC4823AA_AS	71750	64736
ESC_LC5127AA_AS	257982	257982
ESC_LC5296AA_AS	258063	175949
ESC_LC5869AA_AS	62144	62144
ESC_LC5870AA_AS	62144	62144
ESC_LC6163AA_AS	258569	214044
ESC_LC6164AA_AS	258571	258571
ESC_LC6165AA_AS	258570	109409
ESC_LC6263AA_AS	109409	109409
ESC_LC6342AA_AS	109409	109409
ESC_LC6418AA_AS	258742	110913
ESC_LC6427AA_AS	258063	175949
ESC_LC6536AA_AS	109409	109409
ESC_LC6793AA_AS	259048	168964
ESC_LC6794AA_AS	259048	168964
ESC_LC6798AA_AS	259048	168964
ESC_LC6859AA_AS	109409	109409
ESC_LC6970AA_AS	259265	191666
ESC_LC7103AA_AS	259344	109409
ESC_LC7112AA_AS	257982	257982
ESC_LC7114AA_AS	259344	109409
ESC_LC7124AA_AS	79254	79254
ESC_LC7144AA_AS	259451	84800
ESC_LC7170AA_AS	259418	38963
ESC_LC7175AA_AS	259416	23367
ESC_LC7178AA_AS	259412	106021
ESC_LC7179AA_AS	237749	237749
ESC_LC7180AA_AS	259410	259410
ESC_LC7182AA_AS	259406	64736
ESC_LC7183AA_AS	259406	64736
ESC_MC2913AA_AS	263951	64736
ESC_LC7187AA_AS	31111	31111
ESC_LC7189AA_AS	140221	140221
ESC_LC7193AA_AS	259409	115939
ESC_LC7207AA_AS	259387	31111
ESC_LC7217AA_AS	259382	259382
ESC_LC7236AA_AS	259364	172659
ESC_LC7798AA_AS	245258	214044
ESC_LC7918AA_AS	109409	109409
ESC_LC7961AA_AS	259933	104015
ESC_LC8909AA_AS	260212	191666
ESC_LC9044AA_AS	109409	109409
ESC_LC9114AA_AS	260323	223683
ESC_LC9205AA_AS	197458	109409
ESC_LC9211AA_AS	197222	197222
ESC_MC0185AA_AS	109409	109409
ESC_MC0188AA_AS	197458	109409
ESC_MC0213AA_AS	109409	109409
ESC_MC0214AA_AS	109409	109409
ESC_MC0218AA_AS	197458	109409
ESC_MC0220AA_AS	261337	223683
ESC_MC0263AA_AS	129290	31111
ESC_MC0380AA_AS	261422	109409
ESC_MC0405AA_AS	197458	109409
ESC_MC0483AA_AS	262200	262200
ESC_MC0928AA_AS	261860	261860
ESC_MC0929AA_AS	197222	197222
ESC_MC0931AA_AS	261858	223683
ESC_MC0995AA_AS	258571	258571
ESC_MC0996AA_AS	258569	214044
ESC_MC1587AA_AS	109409	109409
ESC_MC1633AA_AS	109409	109409
ESC_MC1644AA_AS	262505	262505
ESC_MC1645AA_AS	197458	109409
ESC_MC1650AA_AS	197458	109409
ESC_MC1651AA_AS	197458	109409
ESC_MC1653AA_AS	262510	109409
ESC_MC1749AA_AS	109409	109409
ESC_MC1803AA_AS	197458	109409
ESC_MC2104AA_AS	109409	109409
ESC_MC3476AA_AS	197458	109409
ESC_MC3494AA_AS	264009	255874
ESC_MC3546AA_AS	264097	254225
ESC_MC3584AA_AS	197458	109409
ESC_MC3782AA_AS	264350	122742
ESC_MC4519AA_AS	260323	223683
ESC_MC4520AA_AS	260323	223683
ESC_MC4521AA_AS	260323	223683
ESC_MC4523AA_AS	260323	223683
ESC_MC4624AA_AS	109409	109409
ESC_MC4881AA_AS	264840	264840
ESC_MC4963AA_AS	264872	264872
ESC_MC4969AA_AS	264878	264878
ESC_MC5597AA_AS	109409	109409
ESC_MC6192AA_AS	31111	31111
ESC_MC6197AA_AS	140221	140221
ESC_MC6307AA_AS	109409	109409
ESC_MC6314AA_AS	173208	104015
ESC_MC6317AA_AS	247694	247694
ESC_MC6319AA_AS	245258	214044
ESC_MC6441AA_AS	245106	245106
ESC_MC6449AA_AS	259265	191666
ESC_MC6474AA_AS	266018	266018
ESC_MC6475AA_AS	266018	266018
ESC_MC6530AA_AS	266022	168575
ESC_MC6531AA_AS	109409	109409
ESC_MC7007AA_AS	109409	109409
ESC_MC7086AA_AS	266480	266480
ESC_MC7134AA_AS	109409	109409
ESC_MC7137AA_AS	259344	109409
ESC_MC7450AA_AS	266901	95931
ESC_MC7478AA_AS	266867	17493
ESC_MC7533AA_AS	266815	17493
ESC_MC7602AA_AS	95931	95931
ESC_MC7657AA_AS	266975	266975
ESC_MC7677AA_AS	266993	266993
ESC_MC7723AA_AS	266975	266975
ESC_MC7773AA_AS	266925	266925
ESC_MC7929AA_AS	266925	266925
ESC_MC7959AA_AS	267016	267016
ESC_MC7991AA_AS	197458	109409
ESC_MC8018AA_AS	109409	109409
ESC_MC8070AA_AS	109409	109409
ESC_MC8073AA_AS	267351	267351
ESC_MC8279AA_AS	109409	109409
ESC_MC8280AA_AS	197458	109409
ESC_MC8314AA_AS	109409	109409
ESC_MC8359AA_AS	109409	109409
ESC_MC8366AA_AS	267568	267568
ESC_MC8402AA_AS	257982	257982
ESC_MC8892AA_AS	109409	109409
ESC_MC8898AA_AS	109409	109409
ESC_MC8899AA_AS	109409	109409
ESC_MC8998AA_AS	176629	104015
ESC_MC8999AA_AS	267988	267988
ESC_NC4356AA_AS	271341	271341
ESC_NC4357AA_AS	271339	271339
ESC_NC4365AA_AS	271329	271329
ESC_NC4369AA_AS	271330	271330
ESC_MC9340AA_AS	109409	109409
ESC_MC9342AA_AS	268256	268256
ESC_NC0022AA_AS	245258	214044
ESC_NC0023AA_AS	109409	109409
ESC_NC0026AA_AS	197458	109409
ESC_NC0031AA_AS	259344	109409
ESC_NC0078AA_AS	268787	268787
ESC_NC0083AA_AS	109409	109409
ESC_NC0184AA_AS	109409	109409
ESC_NC0185AA_AS	109409	109409
ESC_NC0186AA_AS	109409	109409
ESC_NC0188AA_AS	259344	109409
ESC_NC0950AA_AS	268988	203497
ESC_NC1368AA_AS	269194	269194
ESC_NC1396AA_AS	269216	31111
ESC_NC1399AA_AS	269216	31111
ESC_NC1405AA_AS	269225	95931
ESC_NC1566AA_AS	109409	109409
ESC_NC1567AA_AS	109409	109409
ESC_NC1598AA_AS	25884	25884
ESC_NC1654AA_AS	269377	109402
ESC_NC1655AA_AS	25884	25884
ESC_NC1656AA_AS	269377	109402
ESC_NC1702AA_AS	109409	109409
ESC_NC1703AA_AS	109409	109409
ESC_NC1704AA_AS	109409	109409
ESC_NC1750AA_AS	206996	206996
ESC_NC2131AA_AS	269847	71168
ESC_NC2192AA_AS	260323	223683
ESC_NC2222AA_AS	270020	247473
ESC_NC2470AA_AS	197458	109409
ESC_NC2471AA_AS	197458	109409
ESC_NC2473AA_AS	109409	109409
ESC_NC2580AA_AS	109409	109409
ESC_NC2667AA_AS	109409	109409
ESC_NC2742AA_AS	109409	109409
ESC_NC2748AA_AS	197458	109409
ESC_NC2752AA_AS	109409	109409
ESC_NC2756AA_AS	197458	109409
ESC_NC2758AA_AS	109409	109409
ESC_NC2759AA_AS	270380	270380
ESC_NC2763AA_AS	109409	109409
ESC_NC2792AA_AS	261422	109409
ESC_NC2793AA_AS	270454	197222
ESC_NC2905AA_AS	270454	197222
ESC_NC2919AA_AS	38958	38957
ESC_NC2920AA_AS	246646	23749
ESC_NC2921AA_AS	246648	246648
ESC_NC2928AA_AS	246626	23749
ESC_NC8731AA_AS	274826	274826
ESC_NC8732AA_AS	176629	104015
ESC_NC8733AA_AS	197222	197222
ESC_NC3353AA_AS	197222	197222
ESC_NC3542AA_AS	109409	109409
ESC_NC3543AA_AS	270785	109409
ESC_NC3544AA_AS	270781	270781
ESC_OC0316AA_AS	276104	177436
ESC_OC0330AA_AS	276047	276047
ESC_OC0344AA_AS	276079	276079
ESC_OC0356AA_AS	276074	276074
ESC_OC0367AA_AS	276060	90624
ESC_OC0380AA_AS	276047	276047
ESC_OC0386AA_AS	276049	236480
ESC_NC3851AA_AS	109409	109409
ESC_NC3882AA_AS	270923	214044
ESC_NC3946AA_AS	109409	109409
ESC_NC3947AA_AS	109409	109409
ESC_NC3950AA_AS	270966	270966
ESC_NC3951AA_AS	270965	109409
ESC_NC4002AA_AS	109409	109409
ESC_NC4027AA_AS	109409	109409
ESC_NC4042AA_AS	271044	59518
ESC_NC4061AA_AS	31111	31111
ESC_NC4080AA_AS	271007	271007
ESC_NC4081AA_AS	271006	271006
ESC_NC4085AA_AS	271008	109409
ESC_NC4088AA_AS	271000	271000
ESC_NC4089AA_AS	270997	270997
ESC_NC4094AA_AS	197458	109409
ESC_NC4096AA_AS	270996	270996
ESC_NC4104AA_AS	270982	270982
ESC_OC0552AA_AS	276222	276222
ESC_NC4162AA_AS	109409	109409
ESC_NC4163AA_AS	180335	109409
ESC_NC4545AA_AS	271402	271402
ESC_NC4636AA_AS	109409	109409
ESC_NC4641AA_AS	109409	109409
ESC_NC4687AA_AS	197458	109409
ESC_NC4716AA_AS	271557	271557
ESC_NC4735AA_AS	271574	157057
ESC_NC4858AA_AS	271402	271402
ESC_NC4894AA_AS	271402	271402
ESC_NC4920AA_AS	271574	157057
ESC_NC4940AA_AS	271557	271557
ESC_NC5936AA_AS	272424	272424
ESC_NC5998AA_AS	197458	109409
ESC_NC5999AA_AS	176629	104015
ESC_NC6000AA_AS	268256	268256
ESC_NC6001AA_AS	109409	109409
ESC_NC6049AA_AS	272594	214044
ESC_NC6068AA_AS	272643	104015
ESC_NC6070AA_AS	197458	109409
ESC_NC6237AA_AS	272702	272702
ESC_NC6284AA_AS	272666	272666
ESC_NC6300AA_AS	109409	109409
ESC_NC6302AA_AS	272654	109409
ESC_NC6984AA_AS	197222	197222
ESC_NC7071AA_AS	269225	95931
ESC_NC7816AA_AS	269225	95931
ESC_NC7983AA_AS	270454	197222
ESC_NC7984AA_AS	109409	109409
ESC_NC8210AA_AS	109409	109409
ESC_NC8214AA_AS	270965	109409
ESC_NC8215AA_AS	272654	109409
ESC_NC8381AA_AS	247387	228891
ESC_NC8713AA_AS	272643	104015
ESC_NC9138AA_AS	261422	109409
ESC_NC9322AA_AS	109409	109409
ESC_NC9439AA_AS	109409	109409
ESC_NC9448AA_AS	109409	109409
ESC_NC9450AA_AS	109409	109409
ESC_NC9452AA_AS	245258	214044
ESC_OC0014AA_AS	247694	247694
ESC_OC0405AA_AS	276131	109409
ESC_OC0528AA_AS	109409	109409
ESC_OC0563AA_AS	272594	214044
ESC_OC0568AA_AS	197458	109409
ESC_OC0881AA_AS	109409	109409
ESC_OC0884AA_AS	276498	276498
ESC_OC1383AA_AS	276876	109409
ESC_OC1384AA_AS	109409	109409
ESC_OC1386AA_AS	276883	191666
ESC_OC1392AA_AS	109409	109409
ESC_OC1477AA_AS	272666	272666
ESC_OC2238AA_AS	109409	109409
ESC_OC2986AA_AS	109409	109409
ESC_OC3150AA_AS	247387	228891
ESC_OC3156AA_AS	109409	109409
ESC_OC3238AA_AS	278267	254225
ESC_OC3510AA_AS	276883	191666
ESC_OC3511AA_AS	278548	191666
ESC_OC3543AA_AS	109409	109409
ESC_OC3544AA_AS	278576	109409
ESC_OC3545AA_AS	197458	109409
ESC_OC3546AA_AS	197458	109409
ESC_OC3758AA_AS	278721	109409
ESC_OC3825AA_AS	278754	278754
ESC_OC4034AA_AS	278940	278940
ESC_OC4198AA_AS	109409	109409
ESC_OC4199AA_AS	272643	104015
ESC_OC4246AA_AS	279126	84800
ESC_OC4273AA_AS	279152	279152
ESC_OC4349AA_AS	109409	109409
ESC_OC4351AA_AS	279226	279226
ESC_OC4372AA_AS	28988	28988
ESC_OC4413AA_AS	279297	279297
ESC_OC4551AA_AS	279426	279426
ESC_QC0114AA_AS	292165	248681
ESC_OC4651AA_AS	279521	279521
ESC_OC4704AA_AS	279575	279575
ESC_OC4776AA_AS	182138	23749
ESC_OC4788AA_AS	279649	279649
ESC_OC5037AA_AS	109409	109409
ESC_OC5254AA_AS	279865	84800
ESC_PC5135AA_AS	172659	172659
ESC_OC5257AA_AS	129446	109411
ESC_OC5264AA_AS	279875	279875
ESC_OC5268AA_AS	31111	31111
ESC_OC5270AA_AS	31111	31111
ESC_OC5271AA_AS	279881	279881
ESC_PC5143AA_AS	288193	288193
ESC_OC5413AA_AS	109409	109409
ESC_OC5423AA_AS	161099	110913
ESC_OC5424AA_AS	161099	110913
ESC_OC5425AA_AS	161099	110913
ESC_OC5523AA_AS	272643	104015
ESC_OC5586AA_AS	109409	109409
ESC_OC5589AA_AS	280145	280145
ESC_OC5590AA_AS	280145	280145
ESC_OC6416AA_AS	176629	104015
ESC_OC6698AA_AS	197458	109409
ESC_OC6888AA_AS	281124	281124
ESC_OC6954AA_AS	109409	109409
ESC_OC6958AA_AS	247569	191666
ESC_OC7024AA_AS	245258	214044
ESC_OC7179AA_AS	197458	109409
ESC_OC7181AA_AS	109409	109409
ESC_OC7336AA_AS	109409	109409
ESC_OC7866AA_AS	281806	281806
ESC_OC8677AA_AS	282565	282565
ESC_OC8682AA_AS	282570	282570
ESC_OC8755AA_AS	197458	109409
ESC_OC8756AA_AS	109409	109409
ESC_OC8820AA_AS	282659	282659
ESC_OC8855AA_AS	282693	282693
ESC_OC8857AA_AS	282695	282695
ESC_OC8879AA_AS	282716	215620
ESC_OC8924AA_AS	282760	282760
ESC_PC0285AA_AS	109409	109409
ESC_PC0383AA_AS	284045	272424
ESC_PC0402AA_AS	197222	197222
ESC_PC0404AA_AS	278754	278754
ESC_PC1942AA_AS	109409	109409
ESC_PC1978AA_AS	109409	109409
ESC_PC2011AA_AS	285486	285486
ESC_PC2040AA_AS	197458	109409
ESC_PC2413AA_AS	109409	109409
ESC_PC2414AA_AS	258570	109409
ESC_PC4409AA_AS	197458	109409
ESC_PC4792AA_AS	278754	278754
ESC_PC4912AA_AS	287988	287988
ESC_PC4927AA_AS	109409	109409
ESC_PC5780AA_AS	197458	109409
ESC_PC5785AA_AS	109409	109409
ESC_PC5786AA_AS	288675	288675
ESC_PC5899AA_AS	140221	140221
ESC_PC5901AA_AS	31111	31111
ESC_PC5902AA_AS	31111	31111
ESC_PC5907AA_AS	288757	188687
ESC_PC5908AA_AS	140221	140221
ESC_PC5909AA_AS	140221	140221
ESC_PC5913AA_AS	288775	188687
ESC_PC5931AA_AS	288785	28988
ESC_PC5933AA_AS	31111	31111
ESC_PC5935AA_AS	31111	31111
ESC_PC5938AA_AS	288786	129381
ESC_PC5939AA_AS	140221	140221
ESC_PC5941AA_AS	279875	279875
ESC_PC5952AA_AS	288801	288801
ESC_PC6056AA_AS	109409	109409
ESC_PC6060AA_AS	109409	109409
ESC_PC6226AA_AS	289055	155552
ESC_PC6244AA_AS	289082	289082
ESC_PC6424AA_AS	109409	109409
ESC_PC6425AA_AS	109409	109409
ESC_PC6505AA_AS	109409	109409
ESC_PC6618AA_AS	109409	109409
ESC_PC7159AA_AS	247569	191666
ESC_RC0371AA_AS	109409	109409
ESC_PC7179AA_AS	245258	214044
ESC_PC7575AA_AS	289944	289944
ESC_PC7576AA_AS	289944	289944
ESC_PC7684AA_AS	258569	214044
ESC_PC7754AA_AS	109409	109409
ESC_PC8410AA_AS	109409	109409
ESC_PC8423AA_AS	109409	109409
ESC_PC8451AA_AS	290712	282570
ESC_PC8935AA_AS	270785	109409
ESC_PC8934AA_AS	109409	109409
ESC_PC9333AA_AS	291504	271329
ESC_PC9284AA_AS	282570	282570
ESC_PC9283AA_AS	282570	282570
ESC_PC9229AA_AS	291382	291382
ESC_PC9646AA_AS	291787	291779
ESC_PC9696AA_AS	247473	247473
ESC_PC9794AA_AS	31111	31111
ESC_PC9793AA_AS	291897	129381
ESC_PC9786AA_AS	140221	140221
ESC_PC9784AA_AS	140221	140221
ESC_PC9781AA_AS	291895	31111
ESC_PC9775AA_AS	291904	212806
ESC_PC9825AA_AS	197458	109409
ESC_PC9839AA_AS	291927	291927
ESC_QC0251AA_AS	109409	109409
ESC_QC0212AA_AS	197458	109409
ESC_QC0206AA_AS	109409	109409
ESC_QC0205AA_AS	109409	109409
ESC_RC8191AA_AS	301446	301446
ESC_RC8224AA_AS	301478	281806
ESC_RC8266AA_AS	301516	301516
ESC_RC8278AA_AS	301535	301535
ESC_RC8315AA_AS	151995	151995
ESC_RC8319AA_AS	301564	301564
ESC_QC0648AA_AS	278754	278754
ESC_RC6276AA_AS	278754	278754
ESC_QC0560AA_AS	292545	180495
ESC_RC8784AA_AS	301930	301930
ESC_RC7528AA_AS	300825	300825
ESC_RC7883AA_AS	124415	124415
ESC_RC7974AA_AS	202106	202106
ESC_QC2819AA_AS	258569	214044
ESC_QC3845AA_AS	292906	191666
ESC_QC3952AA_AS	278754	278754
ESC_RC9291AA_AS	302258	237491
ESC_QC4069AA_AS	292982	206996
ESC_RC9688AA_AS	302258	237491
ESC_RC9689AA_AS	302258	237491
ESC_RC9693AA_AS	302258	237491
ESC_RC9694AA_AS	302258	237491
ESC_RC9697AA_AS	302258	237491
ESC_RC9698AA_AS	302258	237491
ESC_RC9700AA_AS	302258	237491
ESC_RC9701AA_AS	302258	237491
ESC_RC9703AA_AS	302258	237491
ESC_RC9704AA_AS	302258	237491
ESC_RC9706AA_AS	302258	237491
ESC_RC9708AA_AS	302258	237491
ESC_QC4147AA_AS	109409	109409
ESC_QC4857AA_AS	197458	109409
ESC_QC6289AA_AS	109409	109409
ESC_QC6288AA_AS	109409	109409
ESC_SC2138AA_AS	304011	304011
ESC_SC2148AA_AS	271339	271339
ESC_SC2168AA_AS	304021	304021
ESC_SC2284AA_AS	304104	304104
ESC_QC7545AA_AS	293651	293651
ESC_QC7332AA_AS	293530	293530
ESC_QC7095AA_AS	293471	191666
ESC_QC7070AA_AS	109409	109409
ESC_QC7069AA_AS	293489	293489
ESC_QC9482AA_AS	245182	214044
ESC_QC9415AA_AS	109409	109409
ESC_SC3758AA_AS	304021	304021
ESC_SC3760AA_AS	305104	305104
ESC_QC9617AA_AS	294837	109409
ESC_SC4445AA_AS	279126	84800
ESC_RC0056AA_AS	109409	109409
ESC_SC4509AA_AS	305582	305582
ESC_SC4542AA_AS	191048	191048
ESC_SC4981AA_AS	109409	109409
ESC_RC0498AA_AS	173208	104015
ESC_RC1358AA_AS	109409	109409
ESC_RC1442AA_AS	197458	109409
ESC_SC5093AA_AS	31111	31111
ESC_SC5103AA_AS	306029	306029
ESC_SC5106AA_AS	306029	306029
ESC_SC5108AA_AS	306034	306034
ESC_SC5109AA_AS	117943	117943
ESC_SC5113AA_AS	109399	109399
ESC_SC5114AA_AS	306048	27108
ESC_SC5115AA_AS	31111	31111
ESC_SC5118AA_AS	306044	80773
ESC_SC5123AA_AS	306048	27108
ESC_SC5125AA_AS	306057	306057
ESC_SC5126AA_AS	306063	129381
ESC_SC5127AA_AS	306054	27108
ESC_SC5132AA_AS	306059	129381
ESC_SC5133AA_AS	306044	80773
ESC_SC5134AA_AS	306048	27108
ESC_SC5142AA_AS	306059	129381
ESC_SC5143AA_AS	306070	172999
ESC_SC5145AA_AS	306073	106055
ESC_SC5146AA_AS	109402	109402
ESC_SC5151AA_AS	306048	27108
ESC_SC5152AA_AS	306073	106055
ESC_SC5154AA_AS	109402	109402
ESC_SC5160AA_AS	306087	80773
ESC_SC5161AA_AS	306048	27108
ESC_RC1883AA_AS	109409	109409
ESC_RC1885AA_AS	109409	109409
ESC_RC1927AA_AS	296526	296526
ESC_RC1932AA_AS	109409	109409
ESC_RC2298AA_AS	109409	109409
ESC_RC2342AA_AS	109409	109409
ESC_RC2510AA_AS	245258	214044
ESC_RC2511AA_AS	245258	214044
ESC_RC2512AA_AS	245258	214044
ESC_RC2696AA_AS	109409	109409
ESC_RC3405AA_AS	109409	109409
ESC_RC3441AA_AS	109409	109409
ESC_RC3446AA_AS	297682	109409
ESC_RC3447AA_AS	197458	109409
ESC_RC3449AA_AS	109409	109409
ESC_RC3457AA_AS	236480	236480
ESC_RC3714AA_AS	176629	104015
ESC_RC3719AA_AS	109409	109409
ESC_RC3747AA_AS	297914	297914
ESC_RC3810AA_AS	206996	206996
ESC_RC4432AA_AS	298071	175949
ESC_RC4433AA_AS	298062	298062
ESC_RC4437AA_AS	247569	191666
ESC_RC9757AA_AS	302396	214044
ESC_SC0691AA_AS	303039	303039
ESC_SC0692AA_AS	109409	109409
ESC_SC0840AA_AS	109409	109409
ESC_SC0844AA_AS	109409	109409
ESC_SC3817AA_AS	305146	305146
ESC_SC3822AA_AS	305151	305151
ESC_SC4162AA_AS	109409	109409
ESC_SC4354AA_AS	305151	305151
ESC_SC4377AA_AS	197458	109409
ESC_SC4378AA_AS	305514	109409
ESC_SC4420AA_AS	109409	109409
ESC_SC4421AA_AS	305524	110913
ESC_SC4422AA_AS	298062	298062
ESC_SC4424AA_AS	197458	109409
ESC_SC4428AA_AS	305528	264840
ESC_SC4429AA_AS	305529	305529
ESC_SC4430AA_AS	264097	254225
ESC_SC4793AA_AS	109409	109409
ESC_SC4950AA_AS	305146	305146
ESC_SC5174AA_AS	306101	109409
ESC_SC5714AA_AS	109409	109409
ESC_SC5716AA_AS	197458	109409
ESC_SC5722AA_AS	306573	109409
ESC_SC5724AA_AS	197458	109409
ESC_SC5940AA_AS	306743	306743
ESC_SC5967AA_AS	109409	109409
ESC_SC6061AA_AS	72956	64736
ESC_SC6070AA_AS	72956	64736
ESC_SC6074AA_AS	72956	64736
ESC_SC6236AA_AS	109409	109409
ESC_SC6528AA_AS	109409	109409
ESC_SC6570AA_AS	245182	214044
ESC_SC6591AA_AS	109409	109409
ESC_SC6611AA_AS	261422	109409
ESC_SC6621AA_AS	109409	109409
ESC_SC6624AA_AS	307318	109409
